{
  "width": 7.874149E-06,
  "depth": 7.874149E-06,
  "height": 9.611836E-06
}